{"cameraMode":{"drawMode":0,"name":"Shaded","section":"Shading Mode"},"sceneLighting":true,"audioPlay":false,"sceneViewState":{"showFog":true,"showMaterialUpdate":false,"showSkybox":true,"showFlares":true,"showImageEffects":true,"showParticleSystems":true},"in2DMode":false,"pivot":{"x":-9.4429931640625,"y":2.53656005859375,"z":-0.078125},"rotation":{"x":0.0000269997490249807,"y":0.999971866607666,"z":0.005999902728945017,"w":-0.004499903880059719},"size":23.03614044189453,"orthographic":true}